pincode,risk_score
190018,0.9000000000000001
383315,0.9000000000000001
383325,0.9000000000000001
451115,0.9000000000000001
461771,0.9000000000000001
497778,0.9000000000000001
502286,0.9000000000000001
515801,0.9000000000000001
522614,0.9000000000000001
562123,0.9000000000000001
